<?xml version="1.0" encoding="UTF-8"?>
<!--
 -  
 - Licensed under the Apache License, Version 2.0 (the "License");
 - you may not use this file except in compliance with the License.
 - You may obtain a copy of the License at
 -  
 -      http://www.apache.org/licenses/LICENSE-2.0
 -  
 - Unless required by applicable law or agreed to in writing, software
 - distributed under the License is distributed on an "AS IS" BASIS,
 - WITHOUT WARRANTIES OR CONDITIONS OF ANY KIND, either express or implied.
 - See the License for the specific language governing permissions and
 - limitations under the License.
-->
<!DOCTYPE mycat:server SYSTEM "server.dtd">
<mycat:server xmlns:mycat="http://org.opencloudb/">
  <!--
   <property name="dataNodeHeartbeatPeriod">5000</property>
  <system>
    <property name="processorExecutor">32</property>
    <property name="processors">32</property>
    <property name="serverPort">8066</property>
    <property name="managerPort">9066</property>
    <property name="initExecutor">2</property>
    <property name="timerExecutor">2</property>
    <property name="managerExecutor">1</property>
    <property name="clusterHeartbeatUser">_HEARTBEAT_USER_</property>
    <property name="clusterHeartbeatPass">_HEARTBEAT_PASS_</property>
  </system>
  -->
  <user name="test">
    <property name="password">test</property>
    <property name="schemas">TESTDB</property>
  </user>

  
  <!-- 
  <cluster>
    <node name="cobar1">
      <property name="host">127.0.0.1</property>
      <property name="weight">1</property>
    </node>
  </cluster>
   -->
  <!--
  <quarantine>
    <host name="1.2.3.4">
      <property name="user">test</property>
    </host>
  </quarantine>
  -->

</mycat:server>
